20	-2.87
20.14	-2.88
20.29	-2.9
20.44	-2.91
20.59	-2.93
20.73	-2.94
20.89	-2.96
21.04	-2.98
21.19	-3.01
21.34	-3.04
21.5	-3.07
21.65	-3.1
21.81	-3.13
21.97	-3.16
22.13	-3.21
22.29	-3.26
22.45	-3.31
22.61	-3.35
22.77	-3.4
22.94	-3.45
23.11	-3.5
23.27	-3.55
23.44	-3.6
23.61	-3.65
23.78	-3.71
23.96	-3.76
24.13	-3.8
24.3	-3.83
24.48	-3.87
24.66	-3.9
24.84	-3.94
25.02	-3.97
25.2	-4.01
25.38	-4.05
25.56	-4.08
25.75	-4.12
25.93	-4.16
26.12	-4.22
26.31	-4.3
26.5	-4.37
26.69	-4.45
26.89	-4.53
27.08	-4.59
27.28	-4.63
27.48	-4.67
27.68	-4.71
27.88	-4.75
28.08	-4.79
28.28	-4.83
28.49	-4.87
28.69	-4.91
28.9	-4.95
29.11	-5.01
29.32	-5.1
29.53	-5.18
29.75	-5.27
29.96	-5.35
30.18	-5.41
30.4	-5.45
30.62	-5.49
30.84	-5.54
31.06	-5.58
31.29	-5.63
31.52	-5.67
31.74	-5.72
31.97	-5.76
32.21	-5.8
32.44	-5.84
32.67	-5.87
32.91	-5.91
33.15	-5.94
33.39	-5.98
33.63	-6.02
33.87	-6.05
34.12	-6.09
34.37	-6.14
34.62	-6.19
34.87	-6.24
35.12	-6.29
35.37	-6.34
35.63	-6.4
35.89	-6.45
36.15	-6.49
36.41	-6.51
36.67	-6.54
36.94	-6.56
37.21	-6.59
37.48	-6.62
37.75	-6.65
38.02	-6.67
38.3	-6.7
38.57	-6.73
38.85	-6.76
39.14	-6.78
39.42	-6.81
39.7	-6.84
39.99	-6.87
40.28	-6.88
40.57	-6.89
40.87	-6.9
41.16	-6.91
41.46	-6.92
41.76	-6.93
42.06	-6.94
42.37	-6.95
42.68	-6.96
42.99	-6.97
43.3	-6.99
43.61	-7
43.93	-7.02
44.24	-7.03
44.56	-7.05
44.89	-7.06
45.21	-7.06
45.54	-7.05
45.87	-7.04
46.2	-7.03
46.54	-7.02
46.87	-7.01
47.21	-6.99
47.56	-6.98
47.9	-6.97
48.25	-6.97
48.6	-6.97
48.95	-6.97
49.3	-6.97
49.66	-6.97
50.02	-6.97
50.38	-6.96
50.75	-6.95
51.12	-6.94
51.49	-6.92
51.86	-6.91
52.23	-6.89
52.61	-6.88
52.99	-6.87
53.38	-6.86
53.76	-6.85
54.15	-6.83
54.55	-6.82
54.94	-6.8
55.34	-6.79
55.74	-6.78
56.14	-6.78
56.55	-6.81
56.96	-6.84
57.37	-6.86
57.79	-6.89
58.21	-6.91
58.63	-6.94
59.05	-6.97
59.48	-7.01
59.91	-7.04
60.35	-7.07
60.78	-7.1
61.22	-7.14
61.67	-7.17
62.11	-7.21
62.56	-7.24
63.02	-7.27
63.47	-7.32
63.93	-7.36
64.4	-7.41
64.86	-7.46
65.33	-7.5
65.81	-7.55
66.28	-7.59
66.76	-7.63
67.25	-7.67
67.73	-7.7
68.23	-7.74
68.72	-7.78
69.22	-7.82
69.72	-7.85
70.22	-7.89
70.73	-7.93
71.24	-7.97
71.76	-8
72.28	-8.04
72.8	-8.08
73.33	-8.12
73.86	-8.16
74.4	-8.2
74.94	-8.25
75.48	-8.28
76.03	-8.32
76.58	-8.37
77.13	-8.41
77.69	-8.45
78.25	-8.48
78.82	-8.5
79.39	-8.53
79.97	-8.55
80.55	-8.57
81.13	-8.6
81.72	-8.62
82.31	-8.64
82.91	-8.67
83.51	-8.69
84.11	-8.7
84.72	-8.71
85.33	-8.73
85.95	-8.75
86.58	-8.76
87.2	-8.77
87.83	-8.79
88.47	-8.8
89.11	-8.81
89.76	-8.83
90.41	-8.84
91.06	-8.85
91.72	-8.86
92.39	-8.88
93.06	-8.89
93.73	-8.9
94.41	-8.92
95.09	-8.93
95.78	-8.95
96.48	-8.96
97.17	-8.97
97.88	-8.99
98.59	-9
99.3	-9.01
100.02	-8.99
100.75	-9.03
101.48	-9.02
102.21	-9.01
102.95	-9.01
103.7	-9.01
104.45	-9.08
105.2	-9.1
105.97	-9.14
106.73	-9.16
107.51	-9.18
108.29	-9.09
109.07	-9.11
109.86	-9.1
110.66	-9.1
111.46	-9.09
112.27	-9.09
113.08	-9.09
113.9	-9.13
114.72	-9.16
115.55	-9.19
116.39	-9.26
117.23	-9.23
118.08	-9.17
118.94	-9.21
119.8	-9.2
120.67	-9.2
121.54	-9.19
122.42	-9.18
123.31	-9.18
124.2	-9.2
125.1	-9.24
126.01	-9.26
126.92	-9.29
127.84	-9.2
128.77	-9.19
129.7	-9.19
130.64	-9.2
131.59	-9.24
132.54	-9.23
133.5	-9.25
134.47	-9.27
135.44	-9.3
136.42	-9.32
137.41	-9.33
138.41	-9.25
139.41	-9.29
140.42	-9.29
141.44	-9.29
142.46	-9.28
143.49	-9.28
144.53	-9.27
145.58	-9.28
146.63	-9.29
147.7	-9.3
148.77	-9.3
149.84	-9.31
150.93	-9.3
152.02	-9.3
153.12	-9.29
154.23	-9.29
155.35	-9.29
156.48	-9.33
157.61	-9.34
158.75	-9.33
159.9	-9.34
161.06	-9.34
162.23	-9.31
163.4	-9.31
164.59	-9.31
165.78	-9.3
166.98	-9.3
168.19	-9.36
169.41	-9.36
170.63	-9.35
171.87	-9.35
173.11	-9.33
174.37	-9.32
175.63	-9.29
176.9	-9.29
178.19	-9.29
179.48	-9.29
180.78	-9.35
182.09	-9.35
183.41	-9.35
184.73	-9.35
186.07	-9.35
187.42	-9.35
188.78	-9.35
190.15	-9.36
191.52	-9.36
192.91	-9.36
194.31	-9.37
195.72	-9.37
197.13	-9.37
198.56	-9.37
200	-9.37
201.45	-9.37
202.91	-9.38
204.38	-9.38
205.86	-9.38
207.35	-9.39
208.85	-9.39
210.37	-9.39
211.89	-9.36
213.42	-9.34
214.97	-9.38
216.53	-9.4
218.1	-9.42
219.68	-9.41
221.27	-9.38
222.87	-9.38
224.48	-9.38
226.11	-9.39
227.75	-9.39
229.4	-9.38
231.06	-9.36
232.73	-9.36
234.42	-9.37
236.12	-9.38
237.83	-9.35
239.55	-9.33
241.29	-9.34
243.04	-9.34
244.8	-9.32
246.57	-9.31
248.36	-9.31
250.15	-9.4
251.97	-9.35
253.79	-9.35
255.63	-9.35
257.48	-9.34
259.35	-9.32
261.23	-9.32
263.12	-9.31
265.03	-9.28
266.95	-9.26
268.88	-9.26
270.83	-9.26
272.79	-9.27
274.76	-9.23
276.76	-9.21
278.76	-9.22
280.78	-9.23
282.81	-9.24
284.86	-9.24
286.93	-9.2
289	-9.19
291.1	-9.17
293.21	-9.18
295.33	-9.18
297.47	-9.18
299.63	-9.18
301.8	-9.18
303.98	-9.19
306.18	-9.19
308.4	-9.19
310.64	-9.19
312.89	-9.2
315.15	-9.2
317.44	-9.18
319.74	-9.17
322.05	-9.14
324.39	-9.1
326.74	-9.1
329.1	-9.1
331.49	-9.11
333.89	-9.11
336.31	-9.11
338.74	-9.12
341.2	-9.12
343.67	-9.12
346.16	-9.09
348.67	-9.07
351.19	-9.07
353.74	-9.08
356.3	-9.08
358.88	-9.09
361.48	-9.09
364.1	-9.09
366.74	-9.1
369.39	-9.1
372.07	-9.06
374.76	-9.06
377.48	-9.06
380.21	-9.07
382.97	-9.06
385.74	-9.06
388.54	-9.04
391.35	-9.03
394.19	-9.03
397.04	-9.03
399.92	-9.04
402.81	-9.04
405.73	-9.05
408.67	-9.05
411.63	-9
414.61	-9.01
417.62	-9
420.64	-9
423.69	-9
426.76	-8.99
429.85	-8.97
432.97	-8.97
436.1	-8.98
439.26	-8.98
442.44	-8.96
445.65	-8.94
448.88	-8.95
452.13	-8.93
455.4	-8.93
458.7	-8.96
462.03	-8.97
465.37	-8.97
468.74	-8.95
472.14	-8.92
475.56	-8.92
479.01	-8.93
482.48	-8.91
485.97	-8.94
489.49	-8.95
493.04	-8.96
496.61	-8.93
500.21	-8.9
503.83	-8.91
507.48	-8.93
511.16	-8.95
514.86	-8.92
518.59	-8.93
522.35	-8.9
526.13	-9
529.94	-9.02
533.78	-8.99
537.65	-9
541.54	-8.99
545.46	-8.94
549.42	-8.93
553.4	-9
557.41	-8.97
561.44	-8.95
565.51	-9.01
569.61	-8.99
573.73	-8.95
577.89	-8.94
582.08	-8.93
586.29	-8.9
590.54	-8.98
594.82	-9.02
599.13	-9.05
603.47	-9.02
607.84	-9
612.24	-9.04
616.68	-9.07
621.15	-9.04
625.64	-9.03
630.18	-9.01
634.74	-8.99
639.34	-9.04
643.97	-9.01
648.64	-9.02
653.34	-9.02
658.07	-9.03
662.84	-9.03
667.64	-9.02
672.47	-9.03
677.35	-9.03
682.25	-9.04
687.2	-9.05
692.17	-9.08
697.19	-9.05
702.24	-9.01
707.33	-9.02
712.45	-9.03
717.61	-9.04
722.81	-9.01
728.05	-8.97
733.32	-8.9
738.63	-8.84
743.98	-8.81
749.37	-8.76
754.8	-8.72
760.27	-8.72
765.78	-8.72
771.32	-8.73
776.91	-8.74
782.54	-8.74
788.21	-8.75
793.92	-8.77
799.67	-8.79
805.46	-8.82
811.3	-8.84
817.18	-8.86
823.1	-8.89
829.06	-8.91
835.06	-8.95
841.11	-8.98
847.21	-9.03
853.34	-9.05
859.53	-9.06
865.75	-9.09
872.02	-9.11
878.34	-9.13
884.7	-9.16
891.11	-9.18
897.57	-9.21
904.07	-10.18
910.62	-10.18
917.22	-10.2
923.86	-10.22
930.55	-10.21
937.3	-10.19
944.09	-10.18
950.92	-10.16
957.81	-10.15
964.75	-10.13
971.74	-10.1
978.78	-10.05
985.87	-10.04
993.01	-10.07
1000.21	-10.1
1007.45	-10.13
1014.75	-10.15
1022.1	-10.16
1029.51	-10.18
1036.96	-10.18
1044.48	-10.19
1052.04	-10.21
1059.66	-10.22
1067.34	-10.25
1075.07	-10.24
1082.86	-10.26
1090.7	-10.31
1098.61	-10.19
1106.56	-10.11
1114.58	-10.09
1122.65	-10.17
1130.79	-10.17
1138.98	-10.16
1147.23	-10.17
1155.54	-10.14
1163.91	-10.13
1172.34	-10.19
1180.84	-10.16
1189.39	-10.08
1198.01	-9.98
1206.69	-10.05
1215.43	-10.08
1224.23	-10.07
1233.1	-10.07
1242.03	-10.05
1251.03	-10.12
1260.09	-10.11
1269.22	-10.21
1278.42	-10.14
1287.68	-10.05
1297.01	-10
1306.4	-10.1
1315.87	-10.11
1325.4	-10.1
1335	-10.11
1344.67	-10.1
1354.41	-10.13
1364.22	-10.13
1374.11	-10.22
1384.06	-10.12
1394.09	-10.02
1404.19	-9.96
1414.36	-10.09
1424.61	-10.05
1434.93	-10.06
1445.32	-10.01
1455.79	-9.99
1466.34	-9.97
1476.96	-9.98
1487.66	-10.05
1498.44	-9.96
1509.29	-9.88
1520.22	-9.81
1531.24	-9.81
1542.33	-9.79
1553.5	-9.77
1564.76	-9.75
1576.09	-9.75
1587.51	-9.69
1599.01	-9.82
1610.59	-9.71
1622.26	-9.6
1634.01	-9.55
1645.85	-9.63
1657.77	-9.63
1669.78	-9.63
1681.88	-9.63
1694.06	-9.64
1706.34	-9.64
1718.7	-9.76
1731.15	-9.68
1743.69	-9.6
1756.32	-9.57
1769.04	-9.68
1781.86	-9.7
1794.77	-9.67
1807.77	-9.71
1820.86	-9.72
1834.06	-9.77
1847.34	-9.85
1860.72	-9.75
1874.2	-9.6
1887.78	-9.71
1901.46	-9.74
1915.23	-9.73
1929.11	-9.7
1943.08	-9.73
1957.16	-9.71
1971.33	-9.83
1985.62	-9.7
2000	-9.59
2014.49	-9.62
2029.08	-9.67
2043.78	-9.64
2058.59	-9.65
2073.5	-9.64
2088.52	-9.67
2103.65	-9.77
2118.89	-9.61
2134.24	-9.47
2149.7	-9.53
2165.27	-9.57
2180.96	-9.56
2196.76	-9.55
2212.67	-9.54
2228.7	-9.65
2244.85	-9.55
2261.11	-9.4
2277.49	-9.41
2293.99	-9.49
2310.61	-9.44
2327.34	-9.43
2344.2	-9.4
2361.19	-9.51
2378.29	-9.48
2395.52	-9.24
2412.87	-9.26
2430.35	-9.35
2447.96	-9.31
2465.69	-9.29
2483.56	-9.3
2501.55	-9.37
2519.67	-9.34
2537.92	-9.16
2556.31	-9.11
2574.83	-9.16
2593.48	-9.12
2612.27	-9.11
2631.19	-9.09
2650.25	-9.15
2669.45	-9.21
2688.79	-9.03
2708.27	-8.9
2727.89	-9.01
2747.65	-9.02
2767.55	-9.02
2787.6	-9.04
2807.8	-9.05
2828.14	-9.08
2848.62	-9.16
2869.26	-9.13
2890.04	-9.09
2910.98	-9.06
2932.07	-9.22
2953.31	-9.25
2974.7	-9.27
2996.25	-9.28
3017.96	-8.73
3039.82	-8.76
3061.84	-8.76
3084.02	-8.69
3106.37	-8.78
3128.87	-8.83
3151.54	-8.89
3174.37	-8.76
3197.36	-8.71
3220.52	-8.69
3243.85	-8.7
3267.35	-8.69
3291.02	-8.6
3314.86	-8.43
3338.88	-8.48
3363.07	-8.5
3387.43	-8.54
3411.97	-8.37
3436.68	-8.29
3461.58	-8.22
3486.66	-8.19
3511.92	-8.11
3537.36	-8.01
3562.98	-7.86
3588.79	-7.92
3614.79	-8.01
3640.98	-7.98
3667.35	-7.88
3693.92	-7.9
3720.68	-7.95
3747.63	-7.99
3774.78	-8.06
3802.13	-8.13
3829.67	-8.25
3857.42	-8.44
3885.36	-8.7
3913.51	-8.89
3941.86	-9.03
3970.41	-9.27
3999.18	-9.53
4028.15	-9.81
4057.33	-10.07
4086.72	-10.37
4116.32	-10.52
4146.14	-10.88
4176.18	-11.18
4206.43	-11.53
4236.91	-11.74
4267.6	-11.94
4298.51	-12.17
4329.65	-12.32
4361.02	-12.5
4392.61	-12.63
4424.43	-12.62
4456.48	-12.67
4488.77	-12.8
4521.29	-12.88
4554.04	-12.83
4587.03	-12.76
4620.26	-12.7
4653.73	-12.63
4687.44	-12.53
4721.4	-12.45
4755.6	-12.37
4790.05	-12.21
4824.75	-12.15
4859.71	-12.12
4894.91	-12.08
4930.37	-11.89
4966.09	-11.78
5002.06	-11.74
5038.3	-11.7
5074.8	-11.63
5111.56	-11.57
5148.59	-11.52
5185.89	-11.49
5223.46	-11.5
5261.3	-11.5
5299.41	-11.49
5337.8	-11.29
5376.47	-11.26
5415.42	-11.24
5454.65	-11.18
5494.16	-11.13
5533.96	-11.09
5574.05	-11.02
5614.43	-10.92
5655.1	-10.96
5696.07	-11.04
5737.34	-10.92
5778.9	-10.81
5820.76	-10.79
5862.93	-10.73
5905.4	-10.7
5948.18	-10.68
5991.27	-10.5
6034.67	-10.45
6078.39	-10.64
6122.42	-10.72
6166.78	-10.63
6211.45	-10.67
6256.45	-10.78
6301.77	-10.84
6347.42	-10.95
6393.4	-11.04
6439.72	-11.07
6486.37	-11.17
6533.36	-11.3
6580.69	-11.37
6628.36	-11.47
6676.38	-11.51
6724.74	-11.57
6773.46	-11.57
6822.53	-11.57
6871.95	-11.51
6921.73	-11.49
6971.88	-11.53
7022.38	-11.4
7073.26	-11.25
7124.5	-11.1
7176.11	-11.13
7228.09	-11.1
7280.46	-11.01
7333.2	-10.96
7386.32	-10.93
7439.83	-10.9
7493.72	-10.9
7548.01	-10.87
7602.69	-10.8
7657.77	-10.78
7713.24	-10.79
7769.12	-10.91
7825.4	-10.95
7882.09	-11.01
7939.19	-11.04
7996.7	-11.11
8054.63	-11.2
8112.98	-11.21
8171.75	-11.34
8230.95	-11.61
8290.58	-11.78
8350.64	-11.79
8411.13	-12
8472.06	-12.16
8533.44	-12.21
8595.26	-12.86
8657.52	-13.12
8720.24	-13.23
8783.41	-13.35
8847.04	-14.12
8911.13	-14.22
8975.69	-14.3
9040.71	-14.35
9106.2	-15.01
9172.17	-14.94
9238.61	-15.03
9305.54	-15.04
9372.95	-14.9
9440.85	-14.78
9509.24	-14.64
9578.13	-14.54
9647.52	-14.42
9717.41	-14.1
9787.8	-13.77
9858.71	-13.49
9930.13	-13.22
10002.1	-11.85
10074.5	-11.52
10147.5	-11.11
10221	-10.58
10295.1	-10.2
10369.6	-9.8
10444.8	-9.35
10520.4	-8.88
10596.6	-8.43
10673.4	-8.02
10750.7	-7.78
10828.6	-7.4
10907	-7.2
10986.1	-7.39
11065.6	-7.05
11145.8	-6.71
11226.5	-6.39
11307.9	-6.69
11389.8	-6.38
11472.3	-6.22
11555.4	-6.01
11639.1	-5.76
11723.4	-6.06
11808.4	-6.05
11893.9	-6.04
11980.1	-6.2
12066.9	-6.34
12154.3	-6.57
12242.3	-6.78
12331	-6.92
12420.3	-7.15
12510.3	-7.38
12600.9	-7.59
12692.2	-7.65
12784.2	-7.72
12876.8	-7.66
12970.1	-7.55
13064	-7.37
13158.7	-7.17
13254	-6.87
13350	-6.55
13446.7	-6.26
13544.1	-5.92
13642.2	-5.55
13741.1	-5.1
13840.6	-4.77
13940.9	-4.48
14041.9	-3.39
14143.6	-3.01
14246	-3.18
14349.3	-3.09
14453.2	-2.86
14557.9	-2.81
14663.4	-2.7
14769.6	-2.71
14876.6	-2.91
14984.4	-2.94
15092.9	-2.94
15202.3	-2.91
15312.4	-2.86
15423.3	-2.83
15535	-2.91
15647.6	-2.96
15760.9	-2.7
15875.1	-2.55
15990.1	-2.57
16105.9	-2.54
16222.6	-2.45
16340.1	-2.37
16458.5	-2.22
16577.7	-2.02
16697.8	-1.92
16818.8	-2.09
16940.6	-1.87
17063.4	-1.74
17187	-1.5
17311.5	-1.28
17436.9	-1.68
17563.2	-1.45
17690.4	-1.29
17818.6	-1.25
17947.7	-1.1
18077.7	-0.9
18208.7	-0.8
18340.5	-0.7
18473.4	-0.65
18607.2	-0.51
18742	-0.35
18877.8	-0.22
19014.6	-0.03
19152.3	0
19291.1	-0.04
19430.8	-0.07
19571.6	-0.1
19713.3	-0.13
19856.2	-0.15
20000	-0.17
