20	-3.75
20.14	-3.75
20.29	-3.75
20.44	-3.75
20.59	-3.75
20.73	-3.75
20.89	-3.78
21.04	-3.78
21.19	-3.84
21.34	-3.91
21.5	-3.96
21.65	-4.02
21.81	-4.08
21.97	-4.08
22.13	-4.13
22.29	-4.18
22.45	-4.24
22.61	-4.3
22.77	-4.3
22.94	-4.35
23.11	-4.42
23.27	-4.44
23.44	-4.52
23.61	-4.54
23.78	-4.57
23.96	-4.63
24.13	-4.67
24.3	-4.74
24.48	-4.75
24.66	-4.74
24.84	-4.82
25.02	-4.84
25.2	-4.92
25.38	-4.97
25.56	-5.01
25.75	-5.04
25.93	-5.09
26.12	-5.17
26.31	-5.17
26.5	-5.23
26.69	-5.18
26.89	-5.23
27.08	-5.27
27.28	-5.35
27.48	-5.39
27.68	-5.45
27.88	-5.45
28.08	-5.51
28.28	-5.58
28.49	-5.61
28.69	-5.63
28.9	-5.65
29.11	-5.6
29.32	-5.68
29.53	-5.72
29.75	-5.81
29.96	-5.84
30.18	-5.89
30.4	-5.89
30.62	-5.99
30.84	-5.99
31.06	-6.05
31.29	-6.05
31.52	-6.11
31.74	-6.13
31.97	-6.19
32.21	-6.21
32.44	-6.25
32.67	-6.27
32.91	-6.34
33.15	-6.38
33.39	-6.39
33.63	-6.43
33.87	-6.44
34.12	-6.52
34.37	-6.56
34.62	-6.67
34.87	-6.71
35.12	-6.65
35.37	-6.65
35.63	-6.66
35.89	-6.76
36.15	-6.76
36.41	-6.82
36.67	-6.82
36.94	-6.87
37.21	-6.93
37.48	-6.97
37.75	-7.06
38.02	-7
38.3	-7.04
38.57	-7.07
38.85	-7.09
39.14	-7.14
39.42	-7.14
39.7	-7.14
39.99	-7.2
40.28	-7.24
40.57	-7.28
40.87	-7.36
41.16	-7.36
41.46	-7.31
41.76	-7.32
42.06	-7.4
42.37	-7.42
42.68	-7.42
42.99	-7.42
43.3	-7.42
43.61	-7.47
43.93	-7.53
44.24	-7.56
44.56	-7.58
44.89	-7.53
45.21	-7.57
45.54	-7.59
45.87	-7.63
46.2	-7.64
46.54	-7.64
46.87	-7.64
47.21	-7.66
47.56	-7.68
47.9	-7.7
48.25	-7.72
48.6	-7.69
48.95	-7.7
49.3	-7.74
49.66	-7.75
50.02	-7.8
50.38	-7.8
50.75	-7.8
51.12	-7.82
51.49	-7.84
51.86	-7.86
52.23	-7.88
52.61	-7.86
52.99	-7.91
53.38	-7.91
53.76	-7.91
54.15	-7.91
54.55	-7.91
54.94	-7.94
55.34	-7.97
55.74	-7.99
56.14	-8
56.55	-8.01
56.96	-8.02
57.37	-8.03
57.79	-8.07
58.21	-8.08
58.63	-8.12
59.05	-8.13
59.48	-8.13
59.91	-8.14
60.35	-8.15
60.78	-8.16
61.22	-8.23
61.67	-8.24
62.11	-8.24
62.56	-8.29
63.02	-8.34
63.47	-8.35
63.93	-8.35
64.4	-8.35
64.86	-8.38
65.33	-8.42
65.81	-8.43
66.28	-8.48
66.76	-8.51
67.25	-8.53
67.73	-8.57
68.23	-8.62
68.72	-8.62
69.22	-8.68
69.72	-8.68
70.22	-8.65
70.73	-8.73
71.24	-8.75
71.76	-8.82
72.28	-8.84
72.8	-8.87
73.33	-8.92
73.86	-8.95
74.4	-9.01
74.94	-9.01
75.48	-9.06
76.03	-9.03
76.58	-9.06
77.13	-9.07
77.69	-9.12
78.25	-9.14
78.82	-9.12
79.39	-9.2
79.97	-9.2
80.55	-9.26
81.13	-9.32
81.72	-9.35
82.31	-9.44
82.91	-9.47
83.51	-9.5
84.11	-9.59
84.72	-9.62
85.33	-9.65
85.95	-9.69
86.58	-9.66
87.2	-9.69
87.83	-9.74
88.47	-9.75
89.11	-9.72
89.76	-9.63
90.41	-9.69
91.06	-9.76
91.72	-9.8
92.39	-9.83
93.06	-9.86
93.73	-9.88
94.41	-9.88
95.09	-9.89
95.78	-9.93
96.48	-9.94
97.17	-9.95
97.88	-9.99
98.59	-9.99
99.3	-9.99
100.02	-10.01
100.75	-10.05
101.48	-10.05
102.21	-10.05
102.95	-10.05
103.7	-10.06
104.45	-10.14
105.2	-10.17
105.97	-10.21
106.73	-10.24
107.51	-10.27
108.29	-10.18
109.07	-10.21
109.86	-10.21
110.66	-10.21
111.46	-10.21
112.27	-10.21
113.08	-10.22
113.9	-10.27
114.72	-10.3
115.55	-10.34
116.39	-10.41
117.23	-10.39
118.08	-10.34
118.94	-10.38
119.8	-10.38
120.67	-10.38
121.54	-10.38
122.42	-10.38
123.31	-10.38
124.2	-10.41
125.1	-10.45
126.01	-10.48
126.92	-10.51
127.84	-10.43
128.77	-10.43
129.7	-10.43
130.64	-10.45
131.59	-10.49
132.54	-10.49
133.5	-10.51
134.47	-10.54
135.44	-10.58
136.42	-10.6
137.41	-10.62
138.41	-10.54
139.41	-10.59
140.42	-10.59
141.44	-10.59
142.46	-10.59
143.49	-10.59
144.53	-10.59
145.58	-10.6
146.63	-10.62
147.7	-10.63
148.77	-10.64
149.84	-10.65
150.93	-10.65
152.02	-10.65
153.12	-10.65
154.23	-10.65
155.35	-10.66
156.48	-10.7
157.61	-10.71
158.75	-10.71
159.9	-10.72
161.06	-10.73
162.23	-10.7
163.4	-10.7
164.59	-10.7
165.78	-10.7
166.98	-10.7
168.19	-10.76
169.41	-10.76
170.63	-10.76
171.87	-10.76
173.11	-10.74
174.37	-10.73
175.63	-10.7
176.9	-10.7
178.19	-10.7
179.48	-10.7
180.78	-10.76
182.09	-10.76
183.41	-10.76
184.73	-10.76
186.07	-10.76
187.42	-10.76
188.78	-10.76
190.15	-10.76
191.52	-10.76
192.91	-10.76
194.31	-10.77
195.72	-10.77
197.13	-10.76
198.56	-10.76
200	-10.76
201.45	-10.76
202.91	-10.76
204.38	-10.76
205.86	-10.76
207.35	-10.76
208.85	-10.76
210.37	-10.76
211.89	-10.72
213.42	-10.7
214.97	-10.73
216.53	-10.75
218.1	-10.76
219.68	-10.75
221.27	-10.71
222.87	-10.7
224.48	-10.7
226.11	-10.7
227.75	-10.7
229.4	-10.68
231.06	-10.65
232.73	-10.65
234.42	-10.65
236.12	-10.65
237.83	-10.62
239.55	-10.59
241.29	-10.59
243.04	-10.59
244.8	-10.56
246.57	-10.54
248.36	-10.54
250.15	-10.54
251.97	-10.49
253.79	-10.49
255.63	-10.49
257.48	-10.47
259.35	-10.45
261.23	-10.45
263.12	-10.44
265.03	-10.4
266.95	-10.38
268.88	-10.38
270.83	-10.38
272.79	-10.38
274.76	-10.34
276.76	-10.32
278.76	-10.33
280.78	-10.34
282.81	-10.34
284.86	-10.34
286.93	-10.3
289	-10.29
291.1	-10.27
293.21	-10.27
295.33	-10.27
297.47	-10.27
299.63	-10.27
301.8	-10.27
303.98	-10.27
306.18	-10.27
308.4	-10.27
310.64	-10.27
312.89	-10.27
315.15	-10.27
317.44	-10.25
319.74	-10.24
322.05	-10.2
324.39	-10.16
326.74	-10.16
329.1	-10.16
331.49	-10.16
333.89	-10.16
336.31	-10.16
338.74	-10.16
341.2	-10.16
343.67	-10.16
346.16	-10.12
348.67	-10.1
351.19	-10.1
353.74	-10.1
356.3	-10.1
358.88	-10.1
361.48	-10.1
364.1	-10.1
366.74	-10.1
369.39	-10.1
372.07	-10.06
374.76	-10.05
377.48	-10.05
380.21	-10.05
382.97	-10.04
385.74	-10.03
388.54	-10.01
391.35	-10
394.19	-9.99
397.04	-9.99
399.92	-9.99
402.81	-9.99
405.73	-9.99
408.67	-9.99
411.63	-9.94
414.61	-9.94
417.62	-9.93
420.64	-9.92
423.69	-9.92
426.76	-9.9
429.85	-9.88
432.97	-9.88
436.1	-9.88
439.26	-9.88
442.44	-9.85
445.65	-9.83
448.88	-9.83
452.13	-9.81
455.4	-9.8
458.7	-9.83
462.03	-9.83
465.37	-9.83
468.74	-9.81
472.14	-9.77
475.56	-9.77
479.01	-9.77
482.48	-9.75
485.97	-9.77
489.49	-9.78
493.04	-9.78
496.61	-9.75
500.21	-9.72
503.83	-9.72
507.48	-9.74
511.16	-9.75
514.86	-9.72
518.59	-9.72
522.35	-9.69
526.13	-9.78
529.94	-9.8
533.78	-9.77
537.65	-9.77
541.54	-9.76
545.46	-9.7
549.42	-9.69
553.4	-9.75
557.41	-9.72
561.44	-9.69
565.51	-9.75
569.61	-9.72
573.73	-9.68
577.89	-9.66
582.08	-9.65
586.29	-9.61
590.54	-9.69
594.82	-9.72
599.13	-9.75
603.47	-9.71
607.84	-9.69
612.24	-9.72
616.68	-9.75
621.15	-9.72
625.64	-9.7
630.18	-9.67
634.74	-9.65
639.34	-9.69
643.97	-9.66
648.64	-9.66
653.34	-9.66
658.07	-9.66
662.84	-9.66
667.64	-9.64
672.47	-9.64
677.35	-9.64
682.25	-9.64
687.2	-9.64
692.17	-9.66
697.19	-9.63
702.24	-9.58
707.33	-9.58
712.45	-9.58
717.61	-9.58
722.81	-9.55
728.05	-9.5
733.32	-9.42
738.63	-9.35
743.98	-9.31
749.37	-9.26
754.8	-9.21
760.27	-9.2
765.78	-9.2
771.32	-9.2
776.91	-9.2
782.54	-9.2
788.21	-9.2
793.92	-9.22
799.67	-9.24
805.46	-9.26
811.3	-9.28
817.18	-9.3
823.1	-9.32
829.06	-9.34
835.06	-9.38
841.11	-9.41
847.21	-9.45
853.34	-9.47
859.53	-9.48
865.75	-9.5
872.02	-9.52
878.34	-9.54
884.7	-9.56
891.11	-9.58
897.57	-9.6
904.07	-9.6
910.62	-9.58
917.22	-9.58
923.86	-9.58
930.55	-9.55
937.3	-9.51
944.09	-9.47
950.92	-9.43
957.81	-9.39
964.75	-9.34
971.74	-9.29
978.78	-9.21
985.87	-9.17
993.01	-9.17
1000.21	-9.17
1007.45	-9.16
1014.75	-9.15
1022.1	-9.13
1029.51	-9.12
1036.96	-9.08
1044.48	-9.06
1052.04	-9.04
1059.66	-9.02
1067.34	-9.01
1075.07	-8.97
1082.86	-8.95
1090.7	-8.97
1098.61	-8.81
1106.56	-8.69
1114.58	-8.64
1122.65	-8.68
1130.79	-8.64
1138.98	-8.6
1147.23	-8.57
1155.54	-8.51
1163.91	-8.46
1172.34	-8.48
1180.84	-8.42
1189.39	-8.3
1198.01	-8.17
1206.69	-8.21
1215.43	-8.2
1224.23	-8.16
1233.1	-8.13
1242.03	-8.08
1251.03	-8.12
1260.09	-8.08
1269.22	-8.15
1278.42	-8.05
1287.68	-7.93
1297.01	-7.85
1306.4	-7.93
1315.87	-7.91
1325.4	-7.87
1335	-7.86
1344.67	-7.82
1354.41	-7.82
1364.22	-7.8
1374.11	-7.86
1384.06	-7.74
1394.09	-7.62
1404.19	-7.53
1414.36	-7.64
1424.61	-7.58
1434.93	-7.56
1445.32	-7.49
1455.79	-7.45
1466.34	-7.41
1476.96	-7.4
1487.66	-7.45
1498.44	-7.35
1509.29	-7.25
1520.22	-7.16
1531.24	-7.15
1542.33	-7.12
1553.5	-7.09
1564.76	-7.06
1576.09	-7.05
1587.51	-6.99
1599.01	-7.11
1610.59	-7
1622.26	-6.89
1634.01	-6.84
1645.85	-6.93
1657.77	-6.93
1669.78	-6.94
1681.88	-6.95
1694.06	-6.97
1706.34	-6.98
1718.7	-7.11
1731.15	-7.05
1743.69	-6.98
1756.32	-6.97
1769.04	-7.09
1781.86	-7.13
1794.77	-7.12
1807.77	-7.18
1820.86	-7.21
1834.06	-7.28
1847.34	-7.38
1860.72	-7.3
1874.2	-7.17
1887.78	-7.29
1901.46	-7.34
1915.23	-7.35
1929.11	-7.34
1943.08	-7.39
1957.16	-7.38
1971.33	-7.52
1985.62	-7.4
2000	-7.31
2014.49	-7.35
2029.08	-7.42
2043.78	-7.4
2058.59	-7.42
2073.5	-7.42
2088.52	-7.47
2103.65	-7.58
2118.89	-7.43
2134.24	-7.3
2149.7	-7.37
2165.27	-7.42
2180.96	-7.42
2196.76	-7.42
2212.67	-7.42
2228.7	-7.54
2244.85	-7.45
2261.11	-7.31
2277.49	-7.33
2293.99	-7.42
2310.61	-7.39
2327.34	-7.39
2344.2	-7.37
2361.19	-7.5
2378.29	-7.49
2395.52	-7.26
2412.87	-7.3
2430.35	-7.41
2447.96	-7.39
2465.69	-7.39
2483.56	-7.42
2501.55	-7.51
2519.67	-7.5
2537.92	-7.34
2556.31	-7.31
2574.83	-7.38
2593.48	-7.36
2612.27	-7.36
2631.19	-7.36
2650.25	-7.43
2669.45	-7.49
2688.79	-7.32
2708.27	-7.19
2727.89	-7.3
2747.65	-7.31
2767.55	-7.3
2787.6	-7.31
2807.8	-7.3
2828.14	-7.31
2848.62	-7.37
2869.26	-7.32
2890.04	-7.25
2910.98	-7.19
2932.07	-7.31
2953.31	-7.31
2974.7	-7.29
2996.25	-7.25
3017.96	-7.24
3039.82	-7.23
3061.84	-7.19
3084.02	-7.08
3106.37	-7.13
3128.87	-7.14
3151.54	-7.16
3174.37	-6.99
3197.36	-6.9
3220.52	-6.83
3243.85	-6.8
3267.35	-6.75
3291.02	-6.62
3314.86	-6.41
3338.88	-6.42
3363.07	-6.4
3387.43	-6.4
3411.97	-6.19
3436.68	-6.08
3461.58	-5.98
3486.66	-5.91
3511.92	-5.8
3537.36	-5.68
3562.98	-5.5
3588.79	-5.54
3614.79	-5.61
3640.98	-5.56
3667.35	-5.44
3693.92	-5.45
3720.68	-5.49
3747.63	-5.53
3774.78	-5.6
3802.13	-5.67
3829.67	-5.8
3857.42	-6.01
3885.36	-6.28
3913.51	-6.5
3941.86	-6.67
3970.41	-6.94
3999.18	-7.24
4028.15	-7.57
4057.33	-7.88
4086.72	-8.24
4116.32	-8.46
4146.14	-8.89
4176.18	-9.27
4206.43	-9.7
4236.91	-10
4267.6	-10.3
4298.51	-10.63
4329.65	-10.88
4361.02	-11.16
4392.61	-11.4
4424.43	-11.5
4456.48	-11.67
4488.77	-11.91
4521.29	-12.1
4554.04	-12.16
4587.03	-12.2
4620.26	-12.24
4653.73	-12.28
4687.44	-12.27
4721.4	-12.29
4755.6	-12.29
4790.05	-12.22
4824.75	-12.23
4859.71	-12.27
4894.91	-12.29
4930.37	-12.16
4966.09	-12.1
5002.06	-12.1
5038.3	-12.1
5074.8	-12.06
5111.56	-12.02
5148.59	-11.99
5185.89	-11.97
5223.46	-11.98
5261.3	-11.98
5299.41	-11.97
5337.8	-11.77
5376.47	-11.73
5415.42	-11.69
5454.65	-11.62
5494.16	-11.56
5533.96	-11.51
5574.05	-11.43
5614.43	-11.32
5655.1	-11.35
5696.07	-11.43
5737.34	-11.32
5778.9	-11.22
5820.76	-11.21
5862.93	-11.17
5905.4	-11.17
5948.18	-11.18
5991.27	-11.04
6034.67	-11.15
6078.39	-11.37
6122.42	-11.49
6166.78	-11.44
6211.45	-11.52
6256.45	-11.67
6301.77	-11.78
6347.42	-11.93
6393.4	-12.07
6439.72	-12.14
6486.37	-12.28
6533.36	-12.45
6580.69	-12.56
6628.36	-12.69
6676.38	-12.76
6724.74	-12.85
6773.46	-12.87
6822.53	-12.89
6871.95	-12.85
6921.73	-12.84
6971.88	-12.89
7022.38	-12.77
7073.26	-12.62
7124.5	-12.47
7176.11	-12.5
7228.09	-12.46
7280.46	-12.37
7333.2	-12.31
7386.32	-12.27
7439.83	-12.23
7493.72	-12.22
7548.01	-12.17
7602.69	-12.09
7657.77	-12.06
7713.24	-12.05
7769.12	-12.16
7825.4	-12.18
7882.09	-12.22
7939.19	-12.24
7996.7	-12.29
8054.63	-12.37
8112.98	-12.36
8171.75	-12.47
8230.95	-12.73
8290.58	-12.88
8350.64	-12.87
8411.13	-13.06
8472.06	-13.2
8533.44	-13.23
8595.26	-13.86
8657.52	-14.1
8720.24	-14.18
8783.41	-14.28
8847.04	-15.02
8911.13	-15.09
8975.69	-15.14
9040.71	-15.15
9106.2	-15.77
9172.17	-15.65
9238.61	-15.68
9305.54	-15.63
9372.95	-15.42
9440.85	-15.22
9509.24	-14.99
9578.13	-14.8
9647.52	-14.58
9717.41	-14.15
9787.8	-13.71
9858.71	-13.31
9930.13	-12.92
10002.1	-11.9
10074.5	-11.49
10147.5	-11
10221	-10.39
10295.1	-9.94
10369.6	-9.47
10444.8	-8.96
10520.4	-8.44
10596.6	-7.95
10673.4	-7.5
10750.7	-7.24
10828.6	-6.85
10907	-6.65
10986.1	-6.85
11065.6	-6.53
11145.8	-6.22
11226.5	-5.95
11307.9	-6.29
11389.8	-6.04
11472.3	-5.94
11555.4	-5.8
11639.1	-5.61
11723.4	-5.98
11808.4	-6.03
11893.9	-6.07
11980.1	-6.28
12066.9	-6.46
12154.3	-6.72
12242.3	-6.95
12331	-7.09
12420.3	-7.31
12510.3	-7.52
12600.9	-7.69
12692.2	-7.7
12784.2	-7.71
12876.8	-7.58
12970.1	-7.38
13064	-7.12
13158.7	-6.82
13254	-6.42
13350	-6
13446.7	-5.62
13544.1	-5.18
13642.2	-4.72
13741.1	-4.19
13840.6	-3.79
13940.9	-3.44
14041.9	-3.12
14143.6	-2.72
14246	-2.88
14349.3	-2.79
14453.2	-2.57
14557.9	-2.54
14663.4	-2.46
14769.6	-2.51
14876.6	-2.76
14984.4	-2.85
15092.9	-2.92
15202.3	-2.96
15312.4	-2.99
15423.3	-3.04
15535	-3.2
15647.6	-3.33
15760.9	-3.16
15875.1	-3.09
15990.1	-3.18
16105.9	-3.22
16222.6	-3.2
16340.1	-3.17
16458.5	-3.07
16577.7	-2.9
16697.8	-2.82
16818.8	-3
16940.6	-2.78
17063.4	-2.63
17187	-2.37
17311.5	-2.11
17436.9	-2.47
17563.2	-2.18
17690.4	-1.97
17818.6	-1.86
17947.7	-1.64
18077.7	-1.37
18208.7	-1.2
18340.5	-1.04
18473.4	-0.92
18607.2	-0.72
18742	-0.5
18877.8	-0.31
19014.6	-0.07
19152.3	0
19291.1	0
19430.8	0
19571.6	0
19713.3	0
19856.2	0
20000	0
